date,instrument_id,instrument_description,asset_class,price,yield_pct,spread_bps,implied_vol_pct,px_bid,px_ask,px_mid,price_type,source,last_update_utc
2026-07-03,JPY-IRS-2Y,JPY IRS 2Y,RATES,,0.42,,,0.4199,0.4201,0.42,PAR_RATE,PRICING_LIB,2026-07-03T09:05:00Z
2026-07-06,JPY-IRS-2Y,JPY IRS 2Y,RATES,,0.4023,,,0.4022,0.4024,0.4023,PAR_RATE,PRICING_LIB,2026-07-06T09:05:00Z
2026-07-07,JPY-IRS-2Y,JPY IRS 2Y,RATES,,0.4045,,,0.4044,0.4046,0.4045,PAR_RATE,PRICING_LIB,2026-07-07T09:05:00Z
2026-07-08,JPY-IRS-2Y,JPY IRS 2Y,RATES,,0.4243,,,0.4242,0.4244,0.4243,PAR_RATE,PRICING_LIB,2026-07-08T09:05:00Z
2026-07-09,JPY-IRS-2Y,JPY IRS 2Y,RATES,,0.4454,,,0.4453,0.4455,0.4454,PAR_RATE,PRICING_LIB,2026-07-09T09:05:00Z
2026-07-10,JPY-IRS-2Y,JPY IRS 2Y,RATES,,0.4549,,,0.4548,0.455,0.4549,PAR_RATE,PRICING_LIB,2026-07-10T09:05:00Z
2026-07-13,JPY-IRS-2Y,JPY IRS 2Y,RATES,,0.4684,,,0.4683,0.4685,0.4684,PAR_RATE,PRICING_LIB,2026-07-13T09:05:00Z
2026-07-14,JPY-IRS-2Y,JPY IRS 2Y,RATES,,0.4676,,,0.4675,0.4677,0.4676,PAR_RATE,PRICING_LIB,2026-07-14T09:05:00Z
2026-07-15,JPY-IRS-2Y,JPY IRS 2Y,RATES,,0.4906,,,0.4905,0.4907,0.4906,PAR_RATE,PRICING_LIB,2026-07-15T09:05:00Z
2026-07-16,JPY-IRS-2Y,JPY IRS 2Y,RATES,,0.4906,,,0.4905,0.4907,0.4906,PAR_RATE,PRICING_LIB,2026-07-16T09:05:00Z
2026-07-17,JPY-IRS-2Y,JPY IRS 2Y,RATES,,0.4821,,,0.482,0.4822,0.4821,PAR_RATE,PRICING_LIB,2026-07-17T09:05:00Z
2026-07-20,JPY-IRS-2Y,JPY IRS 2Y,RATES,,0.4637,,,0.4636,0.4638,0.4637,PAR_RATE,PRICING_LIB,2026-07-20T09:05:00Z
2026-07-21,JPY-IRS-2Y,JPY IRS 2Y,RATES,,0.4755,,,0.4754,0.4756,0.4755,PAR_RATE,PRICING_LIB,2026-07-21T09:05:00Z
2026-07-22,JPY-IRS-2Y,JPY IRS 2Y,RATES,,0.4717,,,0.4716,0.4718,0.4717,PAR_RATE,PRICING_LIB,2026-07-22T09:05:00Z
2026-07-23,JPY-IRS-2Y,JPY IRS 2Y,RATES,,0.4693,,,0.4692,0.4694,0.4693,PAR_RATE,PRICING_LIB,2026-07-23T09:05:00Z
2026-07-24,JPY-IRS-2Y,JPY IRS 2Y,RATES,,0.4938,,,0.4937,0.4939,0.4938,PAR_RATE,PRICING_LIB,2026-07-24T09:05:00Z
2026-07-27,JPY-IRS-2Y,JPY IRS 2Y,RATES,,0.5012,,,0.5011,0.5013,0.5012,PAR_RATE,PRICING_LIB,2026-07-27T09:05:00Z
2026-07-28,JPY-IRS-2Y,JPY IRS 2Y,RATES,,0.5008,,,0.5007,0.5009,0.5008,PAR_RATE,PRICING_LIB,2026-07-28T09:05:00Z
2026-07-29,JPY-IRS-2Y,JPY IRS 2Y,RATES,,0.5123,,,0.5122,0.5124,0.5123,PAR_RATE,PRICING_LIB,2026-07-29T09:05:00Z
2026-07-30,JPY-IRS-2Y,JPY IRS 2Y,RATES,,0.5117,,,0.5116,0.5118,0.5117,PAR_RATE,PRICING_LIB,2026-07-30T09:05:00Z
2026-07-31,JPY-IRS-2Y,JPY IRS 2Y,RATES,,0.5049,,,0.5048,0.505,0.5049,PAR_RATE,PRICING_LIB,2026-07-31T09:05:00Z
2026-08-03,JPY-IRS-2Y,JPY IRS 2Y,RATES,,0.5237,,,0.5236,0.5238,0.5237,PAR_RATE,PRICING_LIB,2026-08-03T09:05:00Z
2026-08-04,JPY-IRS-2Y,JPY IRS 2Y,RATES,,0.5261,,,0.526,0.5262,0.5261,PAR_RATE,PRICING_LIB,2026-08-04T09:05:00Z
2026-08-05,JPY-IRS-2Y,JPY IRS 2Y,RATES,,0.5415,,,0.5414,0.5416,0.5415,PAR_RATE,PRICING_LIB,2026-08-05T09:05:00Z
2026-07-03,JPY-IRS-5Y,JPY IRS 5Y,RATES,,0.88,,,0.8798,0.8802,0.88,PAR_RATE,PRICING_LIB,2026-07-03T09:05:00Z
2026-07-06,JPY-IRS-5Y,JPY IRS 5Y,RATES,,0.8659,,,0.8657,0.8661,0.8659,PAR_RATE,PRICING_LIB,2026-07-06T09:05:00Z
2026-07-07,JPY-IRS-5Y,JPY IRS 5Y,RATES,,0.8624,,,0.8622,0.8626,0.8624,PAR_RATE,PRICING_LIB,2026-07-07T09:05:00Z
2026-07-08,JPY-IRS-5Y,JPY IRS 5Y,RATES,,0.8524,,,0.8522,0.8526,0.8524,PAR_RATE,PRICING_LIB,2026-07-08T09:05:00Z
2026-07-09,JPY-IRS-5Y,JPY IRS 5Y,RATES,,0.8473,,,0.8471,0.8475,0.8473,PAR_RATE,PRICING_LIB,2026-07-09T09:05:00Z
2026-07-10,JPY-IRS-5Y,JPY IRS 5Y,RATES,,0.8429,,,0.8427,0.8431,0.8429,PAR_RATE,PRICING_LIB,2026-07-10T09:05:00Z
2026-07-13,JPY-IRS-5Y,JPY IRS 5Y,RATES,,0.8552,,,0.855,0.8554,0.8552,PAR_RATE,PRICING_LIB,2026-07-13T09:05:00Z
2026-07-14,JPY-IRS-5Y,JPY IRS 5Y,RATES,,0.8425,,,0.8423,0.8427,0.8425,PAR_RATE,PRICING_LIB,2026-07-14T09:05:00Z
2026-07-15,JPY-IRS-5Y,JPY IRS 5Y,RATES,,0.8527,,,0.8525,0.8529,0.8527,PAR_RATE,PRICING_LIB,2026-07-15T09:05:00Z
2026-07-16,JPY-IRS-5Y,JPY IRS 5Y,RATES,,0.8669,,,0.8667,0.8671,0.8669,PAR_RATE,PRICING_LIB,2026-07-16T09:05:00Z
2026-07-17,JPY-IRS-5Y,JPY IRS 5Y,RATES,,0.862,,,0.8618,0.8622,0.862,PAR_RATE,PRICING_LIB,2026-07-17T09:05:00Z
2026-07-20,JPY-IRS-5Y,JPY IRS 5Y,RATES,,0.8788,,,0.8786,0.879,0.8788,PAR_RATE,PRICING_LIB,2026-07-20T09:05:00Z
2026-07-21,JPY-IRS-5Y,JPY IRS 5Y,RATES,,0.8845,,,0.8843,0.8847,0.8845,PAR_RATE,PRICING_LIB,2026-07-21T09:05:00Z
2026-07-22,JPY-IRS-5Y,JPY IRS 5Y,RATES,,0.8919,,,0.8917,0.8921,0.8919,PAR_RATE,PRICING_LIB,2026-07-22T09:05:00Z
2026-07-23,JPY-IRS-5Y,JPY IRS 5Y,RATES,,0.9124,,,0.9122,0.9126,0.9124,PAR_RATE,PRICING_LIB,2026-07-23T09:05:00Z
2026-07-24,JPY-IRS-5Y,JPY IRS 5Y,RATES,,0.9264,,,0.9262,0.9266,0.9264,PAR_RATE,PRICING_LIB,2026-07-24T09:05:00Z
2026-07-27,JPY-IRS-5Y,JPY IRS 5Y,RATES,,0.9285,,,0.9283,0.9287,0.9285,PAR_RATE,PRICING_LIB,2026-07-27T09:05:00Z
2026-07-28,JPY-IRS-5Y,JPY IRS 5Y,RATES,,0.9331,,,0.9329,0.9333,0.9331,PAR_RATE,PRICING_LIB,2026-07-28T09:05:00Z
2026-07-29,JPY-IRS-5Y,JPY IRS 5Y,RATES,,0.944,,,0.9438,0.9442,0.944,PAR_RATE,PRICING_LIB,2026-07-29T09:05:00Z
2026-07-30,JPY-IRS-5Y,JPY IRS 5Y,RATES,,0.9491,,,0.9489,0.9493,0.9491,PAR_RATE,PRICING_LIB,2026-07-30T09:05:00Z
2026-07-31,JPY-IRS-5Y,JPY IRS 5Y,RATES,,0.9505,,,0.9503,0.9507,0.9505,PAR_RATE,PRICING_LIB,2026-07-31T09:05:00Z
2026-08-03,JPY-IRS-5Y,JPY IRS 5Y,RATES,,0.9583,,,0.9581,0.9585,0.9583,PAR_RATE,PRICING_LIB,2026-08-03T09:05:00Z
2026-08-04,JPY-IRS-5Y,JPY IRS 5Y,RATES,,0.9854,,,0.9852,0.9856,0.9854,PAR_RATE,PRICING_LIB,2026-08-04T09:05:00Z
2026-08-05,JPY-IRS-5Y,JPY IRS 5Y,RATES,,0.9854,,,0.9852,0.9856,0.9854,PAR_RATE,PRICING_LIB,2026-08-05T09:05:00Z
2026-07-03,JPY-IRS-10Y,JPY IRS 10Y,RATES,,1.34,,,1.3397,1.3403,1.34,PAR_RATE,PRICING_LIB,2026-07-03T09:05:00Z
2026-07-06,JPY-IRS-10Y,JPY IRS 10Y,RATES,,1.3436,,,1.3433,1.3439,1.3436,PAR_RATE,PRICING_LIB,2026-07-06T09:05:00Z
2026-07-07,JPY-IRS-10Y,JPY IRS 10Y,RATES,,1.3478,,,1.3475,1.3481,1.3478,PAR_RATE,PRICING_LIB,2026-07-07T09:05:00Z
2026-07-08,JPY-IRS-10Y,JPY IRS 10Y,RATES,,1.353,,,1.3527,1.3533,1.353,PAR_RATE,PRICING_LIB,2026-07-08T09:05:00Z
2026-07-09,JPY-IRS-10Y,JPY IRS 10Y,RATES,,1.3574,,,1.3571,1.3577,1.3574,PAR_RATE,PRICING_LIB,2026-07-09T09:05:00Z
2026-07-10,JPY-IRS-10Y,JPY IRS 10Y,RATES,,1.3677,,,1.3674,1.368,1.3677,PAR_RATE,PRICING_LIB,2026-07-10T09:05:00Z
2026-07-13,JPY-IRS-10Y,JPY IRS 10Y,RATES,,1.372,,,1.3717,1.3723,1.372,PAR_RATE,PRICING_LIB,2026-07-13T09:05:00Z
2026-07-14,JPY-IRS-10Y,JPY IRS 10Y,RATES,,1.3845,,,1.3842,1.3848,1.3845,PAR_RATE,PRICING_LIB,2026-07-14T09:05:00Z
2026-07-15,JPY-IRS-10Y,JPY IRS 10Y,RATES,,1.4036,,,1.4033,1.4039,1.4036,PAR_RATE,PRICING_LIB,2026-07-15T09:05:00Z
2026-07-16,JPY-IRS-10Y,JPY IRS 10Y,RATES,,1.4069,,,1.4066,1.4072,1.4069,PAR_RATE,PRICING_LIB,2026-07-16T09:05:00Z
2026-07-17,JPY-IRS-10Y,JPY IRS 10Y,RATES,,1.4094,,,1.4091,1.4097,1.4094,PAR_RATE,PRICING_LIB,2026-07-17T09:05:00Z
2026-07-20,JPY-IRS-10Y,JPY IRS 10Y,RATES,,1.42,,,1.4197,1.4203,1.42,PAR_RATE,PRICING_LIB,2026-07-20T09:05:00Z
2026-07-21,JPY-IRS-10Y,JPY IRS 10Y,RATES,,1.4173,,,1.417,1.4176,1.4173,PAR_RATE,PRICING_LIB,2026-07-21T09:05:00Z
2026-07-22,JPY-IRS-10Y,JPY IRS 10Y,RATES,,1.4099,,,1.4096,1.4102,1.4099,PAR_RATE,PRICING_LIB,2026-07-22T09:05:00Z
2026-07-23,JPY-IRS-10Y,JPY IRS 10Y,RATES,,1.4201,,,1.4198,1.4204,1.4201,PAR_RATE,PRICING_LIB,2026-07-23T09:05:00Z
2026-07-24,JPY-IRS-10Y,JPY IRS 10Y,RATES,,1.413,,,1.4127,1.4133,1.413,PAR_RATE,PRICING_LIB,2026-07-24T09:05:00Z
2026-07-27,JPY-IRS-10Y,JPY IRS 10Y,RATES,,1.3935,,,1.3932,1.3938,1.3935,PAR_RATE,PRICING_LIB,2026-07-27T09:05:00Z
2026-07-28,JPY-IRS-10Y,JPY IRS 10Y,RATES,,1.4071,,,1.4068,1.4074,1.4071,PAR_RATE,PRICING_LIB,2026-07-28T09:05:00Z
2026-07-29,JPY-IRS-10Y,JPY IRS 10Y,RATES,,1.4105,,,1.4102,1.4108,1.4105,PAR_RATE,PRICING_LIB,2026-07-29T09:05:00Z
2026-07-30,JPY-IRS-10Y,JPY IRS 10Y,RATES,,1.4235,,,1.4232,1.4238,1.4235,PAR_RATE,PRICING_LIB,2026-07-30T09:05:00Z
2026-07-31,JPY-IRS-10Y,JPY IRS 10Y,RATES,,1.423,,,1.4227,1.4233,1.423,PAR_RATE,PRICING_LIB,2026-07-31T09:05:00Z
2026-08-03,JPY-IRS-10Y,JPY IRS 10Y,RATES,,1.4036,,,1.4033,1.4039,1.4036,PAR_RATE,PRICING_LIB,2026-08-03T09:05:00Z
2026-08-04,JPY-IRS-10Y,JPY IRS 10Y,RATES,,1.4093,,,1.409,1.4096,1.4093,PAR_RATE,PRICING_LIB,2026-08-04T09:05:00Z
2026-08-05,JPY-IRS-10Y,JPY IRS 10Y,RATES,,1.4084,,,1.4081,1.4087,1.4084,PAR_RATE,PRICING_LIB,2026-08-05T09:05:00Z
2026-07-03,AUD-IRS-7Y,AUD IRS 7Y,RATES,,3.91,,,3.9092,3.9108,3.91,PAR_RATE,PRICING_LIB,2026-07-03T09:05:00Z
2026-07-06,AUD-IRS-7Y,AUD IRS 7Y,RATES,,3.9182,,,3.9174,3.919,3.9182,PAR_RATE,PRICING_LIB,2026-07-06T09:05:00Z
2026-07-07,AUD-IRS-7Y,AUD IRS 7Y,RATES,,3.9159,,,3.9151,3.9167,3.9159,PAR_RATE,PRICING_LIB,2026-07-07T09:05:00Z
2026-07-08,AUD-IRS-7Y,AUD IRS 7Y,RATES,,3.9256,,,3.9248,3.9264,3.9256,PAR_RATE,PRICING_LIB,2026-07-08T09:05:00Z
2026-07-09,AUD-IRS-7Y,AUD IRS 7Y,RATES,,3.9096,,,3.9088,3.9104,3.9096,PAR_RATE,PRICING_LIB,2026-07-09T09:05:00Z
2026-07-10,AUD-IRS-7Y,AUD IRS 7Y,RATES,,3.9101,,,3.9093,3.9109,3.9101,PAR_RATE,PRICING_LIB,2026-07-10T09:05:00Z
2026-07-13,AUD-IRS-7Y,AUD IRS 7Y,RATES,,3.9205,,,3.9197,3.9213,3.9205,PAR_RATE,PRICING_LIB,2026-07-13T09:05:00Z
2026-07-14,AUD-IRS-7Y,AUD IRS 7Y,RATES,,3.9298,,,3.929,3.9306,3.9298,PAR_RATE,PRICING_LIB,2026-07-14T09:05:00Z
2026-07-15,AUD-IRS-7Y,AUD IRS 7Y,RATES,,3.9435,,,3.9427,3.9443,3.9435,PAR_RATE,PRICING_LIB,2026-07-15T09:05:00Z
2026-07-16,AUD-IRS-7Y,AUD IRS 7Y,RATES,,3.9405,,,3.9397,3.9413,3.9405,PAR_RATE,PRICING_LIB,2026-07-16T09:05:00Z
2026-07-17,AUD-IRS-7Y,AUD IRS 7Y,RATES,,3.9534,,,3.9526,3.9542,3.9534,PAR_RATE,PRICING_LIB,2026-07-17T09:05:00Z
2026-07-20,AUD-IRS-7Y,AUD IRS 7Y,RATES,,3.9683,,,3.9675,3.9691,3.9683,PAR_RATE,PRICING_LIB,2026-07-20T09:05:00Z
2026-07-21,AUD-IRS-7Y,AUD IRS 7Y,RATES,,3.9726,,,3.9718,3.9734,3.9726,PAR_RATE,PRICING_LIB,2026-07-21T09:05:00Z
2026-07-22,AUD-IRS-7Y,AUD IRS 7Y,RATES,,3.9905,,,3.9897,3.9913,3.9905,PAR_RATE,PRICING_LIB,2026-07-22T09:05:00Z
2026-07-23,AUD-IRS-7Y,AUD IRS 7Y,RATES,,3.999,,,3.9982,3.9998,3.999,PAR_RATE,PRICING_LIB,2026-07-23T09:05:00Z
2026-07-24,AUD-IRS-7Y,AUD IRS 7Y,RATES,,3.986,,,3.9852,3.9868,3.986,PAR_RATE,PRICING_LIB,2026-07-24T09:05:00Z
2026-07-27,AUD-IRS-7Y,AUD IRS 7Y,RATES,,3.9962,,,3.9954,3.997,3.9962,PAR_RATE,PRICING_LIB,2026-07-27T09:05:00Z
2026-07-28,AUD-IRS-7Y,AUD IRS 7Y,RATES,,3.9959,,,3.9951,3.9967,3.9959,PAR_RATE,PRICING_LIB,2026-07-28T09:05:00Z
2026-07-29,AUD-IRS-7Y,AUD IRS 7Y,RATES,,3.9928,,,3.992,3.9936,3.9928,PAR_RATE,PRICING_LIB,2026-07-29T09:05:00Z
2026-07-30,AUD-IRS-7Y,AUD IRS 7Y,RATES,,3.994,,,3.9932,3.9948,3.994,PAR_RATE,PRICING_LIB,2026-07-30T09:05:00Z
2026-07-31,AUD-IRS-7Y,AUD IRS 7Y,RATES,,4.0035,,,4.0027,4.0043,4.0035,PAR_RATE,PRICING_LIB,2026-07-31T09:05:00Z
2026-08-03,AUD-IRS-7Y,AUD IRS 7Y,RATES,,4.0013,,,4.0005,4.0021,4.0013,PAR_RATE,PRICING_LIB,2026-08-03T09:05:00Z
2026-08-04,AUD-IRS-7Y,AUD IRS 7Y,RATES,,3.9996,,,3.9988,4.0004,3.9996,PAR_RATE,PRICING_LIB,2026-08-04T09:05:00Z
2026-08-05,AUD-IRS-7Y,AUD IRS 7Y,RATES,,4.0172,,,4.0164,4.018,4.0172,PAR_RATE,PRICING_LIB,2026-08-05T09:05:00Z
2026-07-03,JGB-0.4-2031,JGB 0.4% 2031,RATES,,3.0,,,99.1902,99.2298,99.21,CLEAN,PRICING_LIB,2026-07-03T09:05:00Z
2026-07-06,JGB-0.4-2031,JGB 0.4% 2031,RATES,,3.0036,,,99.1544,99.194,99.1742,CLEAN,PRICING_LIB,2026-07-06T09:05:00Z
2026-07-07,JGB-0.4-2031,JGB 0.4% 2031,RATES,,2.9992,,,99.1979,99.2375,99.2177,CLEAN,PRICING_LIB,2026-07-07T09:05:00Z
2026-07-08,JGB-0.4-2031,JGB 0.4% 2031,RATES,,3.0016,,,99.1746,99.2142,99.1944,CLEAN,PRICING_LIB,2026-07-08T09:05:00Z
2026-07-09,JGB-0.4-2031,JGB 0.4% 2031,RATES,,3.008,,,99.11,99.1496,99.1298,CLEAN,PRICING_LIB,2026-07-09T09:05:00Z
2026-07-10,JGB-0.4-2031,JGB 0.4% 2031,RATES,,3.021,,,98.9797,99.0193,98.9995,CLEAN,PRICING_LIB,2026-07-10T09:05:00Z
2026-07-13,JGB-0.4-2031,JGB 0.4% 2031,RATES,,3.0162,,,99.0284,99.068,99.0482,CLEAN,PRICING_LIB,2026-07-13T09:05:00Z
2026-07-14,JGB-0.4-2031,JGB 0.4% 2031,RATES,,3.0098,,,99.0925,99.1321,99.1123,CLEAN,PRICING_LIB,2026-07-14T09:05:00Z
2026-07-15,JGB-0.4-2031,JGB 0.4% 2031,RATES,,3.0136,,,99.0544,99.094,99.0742,CLEAN,PRICING_LIB,2026-07-15T09:05:00Z
2026-07-16,JGB-0.4-2031,JGB 0.4% 2031,RATES,,3.0027,,,99.1629,99.2025,99.1827,CLEAN,PRICING_LIB,2026-07-16T09:05:00Z
2026-07-17,JGB-0.4-2031,JGB 0.4% 2031,RATES,,3.0204,,,98.9865,99.0261,99.0063,CLEAN,PRICING_LIB,2026-07-17T09:05:00Z
2026-07-20,JGB-0.4-2031,JGB 0.4% 2031,RATES,,3.0258,,,98.9324,98.972,98.9522,CLEAN,PRICING_LIB,2026-07-20T09:05:00Z
2026-07-21,JGB-0.4-2031,JGB 0.4% 2031,RATES,,3.0368,,,98.8226,98.8622,98.8424,CLEAN,PRICING_LIB,2026-07-21T09:05:00Z
2026-07-22,JGB-0.4-2031,JGB 0.4% 2031,RATES,,3.0545,,,98.6451,98.6845,98.6648,CLEAN,PRICING_LIB,2026-07-22T09:05:00Z
2026-07-23,JGB-0.4-2031,JGB 0.4% 2031,RATES,,3.0655,,,98.5356,98.575,98.5553,CLEAN,PRICING_LIB,2026-07-23T09:05:00Z
2026-07-24,JGB-0.4-2031,JGB 0.4% 2031,RATES,,3.0547,,,98.6435,98.6829,98.6632,CLEAN,PRICING_LIB,2026-07-24T09:05:00Z
2026-07-27,JGB-0.4-2031,JGB 0.4% 2031,RATES,,3.0597,,,98.5934,98.6328,98.6131,CLEAN,PRICING_LIB,2026-07-27T09:05:00Z
2026-07-28,JGB-0.4-2031,JGB 0.4% 2031,RATES,,3.0617,,,98.5734,98.6128,98.5931,CLEAN,PRICING_LIB,2026-07-28T09:05:00Z
2026-07-29,JGB-0.4-2031,JGB 0.4% 2031,RATES,,3.0712,,,98.4785,98.5179,98.4982,CLEAN,PRICING_LIB,2026-07-29T09:05:00Z
2026-07-30,JGB-0.4-2031,JGB 0.4% 2031,RATES,,3.0856,,,98.3341,98.3735,98.3538,CLEAN,PRICING_LIB,2026-07-30T09:05:00Z
2026-07-31,JGB-0.4-2031,JGB 0.4% 2031,RATES,,3.0905,,,98.2848,98.3242,98.3045,CLEAN,PRICING_LIB,2026-07-31T09:05:00Z
2026-08-03,JGB-0.4-2031,JGB 0.4% 2031,RATES,,3.0881,,,98.3096,98.349,98.3293,CLEAN,PRICING_LIB,2026-08-03T09:05:00Z
2026-08-04,JGB-0.4-2031,JGB 0.4% 2031,RATES,,3.1019,,,98.1717,98.2109,98.1913,CLEAN,PRICING_LIB,2026-08-04T09:05:00Z
2026-08-05,JGB-0.4-2031,JGB 0.4% 2031,RATES,,3.1219,,,97.9716,98.0108,97.9912,CLEAN,PRICING_LIB,2026-08-05T09:05:00Z
2026-07-03,JGB-1.2-2041,JGB 1.2% 2041,RATES,,3.0,,,96.4207,96.4593,96.44,CLEAN,PRICING_LIB,2026-07-03T09:05:00Z
2026-07-06,JGB-1.2-2041,JGB 1.2% 2041,RATES,,3.0079,,,96.3412,96.3798,96.3605,CLEAN,PRICING_LIB,2026-07-06T09:05:00Z
2026-07-07,JGB-1.2-2041,JGB 1.2% 2041,RATES,,3.0061,,,96.3592,96.3978,96.3785,CLEAN,PRICING_LIB,2026-07-07T09:05:00Z
2026-07-08,JGB-1.2-2041,JGB 1.2% 2041,RATES,,3.0144,,,96.2763,96.3149,96.2956,CLEAN,PRICING_LIB,2026-07-08T09:05:00Z
2026-07-09,JGB-1.2-2041,JGB 1.2% 2041,RATES,,3.018,,,96.2409,96.2795,96.2602,CLEAN,PRICING_LIB,2026-07-09T09:05:00Z
2026-07-10,JGB-1.2-2041,JGB 1.2% 2041,RATES,,3.0049,,,96.3713,96.4099,96.3906,CLEAN,PRICING_LIB,2026-07-10T09:05:00Z
2026-07-13,JGB-1.2-2041,JGB 1.2% 2041,RATES,,3.0031,,,96.39,96.4286,96.4093,CLEAN,PRICING_LIB,2026-07-13T09:05:00Z
2026-07-14,JGB-1.2-2041,JGB 1.2% 2041,RATES,,3.0119,,,96.3014,96.34,96.3207,CLEAN,PRICING_LIB,2026-07-14T09:05:00Z
2026-07-15,JGB-1.2-2041,JGB 1.2% 2041,RATES,,3.0019,,,96.4017,96.4403,96.421,CLEAN,PRICING_LIB,2026-07-15T09:05:00Z
2026-07-16,JGB-1.2-2041,JGB 1.2% 2041,RATES,,3.0051,,,96.3693,96.4079,96.3886,CLEAN,PRICING_LIB,2026-07-16T09:05:00Z
2026-07-17,JGB-1.2-2041,JGB 1.2% 2041,RATES,,3.008,,,96.3409,96.3795,96.3602,CLEAN,PRICING_LIB,2026-07-17T09:05:00Z
2026-07-20,JGB-1.2-2041,JGB 1.2% 2041,RATES,,3.012,,,96.3006,96.3392,96.3199,CLEAN,PRICING_LIB,2026-07-20T09:05:00Z
2026-07-21,JGB-1.2-2041,JGB 1.2% 2041,RATES,,3.0323,,,96.0975,96.1359,96.1167,CLEAN,PRICING_LIB,2026-07-21T09:05:00Z
2026-07-22,JGB-1.2-2041,JGB 1.2% 2041,RATES,,3.0292,,,96.1286,96.167,96.1478,CLEAN,PRICING_LIB,2026-07-22T09:05:00Z
2026-07-23,JGB-1.2-2041,JGB 1.2% 2041,RATES,,3.0339,,,96.0815,96.1199,96.1007,CLEAN,PRICING_LIB,2026-07-23T09:05:00Z
2026-07-24,JGB-1.2-2041,JGB 1.2% 2041,RATES,,3.0304,,,96.1172,96.1556,96.1364,CLEAN,PRICING_LIB,2026-07-24T09:05:00Z
2026-07-27,JGB-1.2-2041,JGB 1.2% 2041,RATES,,3.0334,,,96.0867,96.1251,96.1059,CLEAN,PRICING_LIB,2026-07-27T09:05:00Z
2026-07-28,JGB-1.2-2041,JGB 1.2% 2041,RATES,,3.0491,,,95.93,95.9684,95.9492,CLEAN,PRICING_LIB,2026-07-28T09:05:00Z
2026-07-29,JGB-1.2-2041,JGB 1.2% 2041,RATES,,3.0508,,,95.913,95.9514,95.9322,CLEAN,PRICING_LIB,2026-07-29T09:05:00Z
2026-07-30,JGB-1.2-2041,JGB 1.2% 2041,RATES,,3.0567,,,95.854,95.8924,95.8732,CLEAN,PRICING_LIB,2026-07-30T09:05:00Z
2026-07-31,JGB-1.2-2041,JGB 1.2% 2041,RATES,,3.0682,,,95.7388,95.7772,95.758,CLEAN,PRICING_LIB,2026-07-31T09:05:00Z
2026-08-03,JGB-1.2-2041,JGB 1.2% 2041,RATES,,3.0764,,,95.657,95.6952,95.6761,CLEAN,PRICING_LIB,2026-08-03T09:05:00Z
2026-08-04,JGB-1.2-2041,JGB 1.2% 2041,RATES,,3.0733,,,95.6884,95.7266,95.7075,CLEAN,PRICING_LIB,2026-08-04T09:05:00Z
2026-08-05,JGB-1.2-2041,JGB 1.2% 2041,RATES,,3.0625,,,95.7959,95.8343,95.8151,CLEAN,PRICING_LIB,2026-08-05T09:05:00Z
2026-07-03,ACGB-3.0-2033,ACGB 3.0% 2033,RATES,,3.0,,,97.8604,97.8996,97.88,CLEAN,PRICING_LIB,2026-07-03T09:05:00Z
2026-07-06,ACGB-3.0-2033,ACGB 3.0% 2033,RATES,,3.0117,,,97.7435,97.7827,97.7631,CLEAN,PRICING_LIB,2026-07-06T09:05:00Z
2026-07-07,ACGB-3.0-2033,ACGB 3.0% 2033,RATES,,3.0109,,,97.7509,97.7901,97.7705,CLEAN,PRICING_LIB,2026-07-07T09:05:00Z
2026-07-08,ACGB-3.0-2033,ACGB 3.0% 2033,RATES,,3.01,,,97.7607,97.7999,97.7803,CLEAN,PRICING_LIB,2026-07-08T09:05:00Z
2026-07-09,ACGB-3.0-2033,ACGB 3.0% 2033,RATES,,3.0166,,,97.6941,97.7331,97.7136,CLEAN,PRICING_LIB,2026-07-09T09:05:00Z
2026-07-10,ACGB-3.0-2033,ACGB 3.0% 2033,RATES,,3.0097,,,97.7631,97.8023,97.7827,CLEAN,PRICING_LIB,2026-07-10T09:05:00Z
2026-07-13,ACGB-3.0-2033,ACGB 3.0% 2033,RATES,,3.0194,,,97.667,97.706,97.6865,CLEAN,PRICING_LIB,2026-07-13T09:05:00Z
2026-07-14,ACGB-3.0-2033,ACGB 3.0% 2033,RATES,,3.0132,,,97.7285,97.7675,97.748,CLEAN,PRICING_LIB,2026-07-14T09:05:00Z
2026-07-15,ACGB-3.0-2033,ACGB 3.0% 2033,RATES,,3.0182,,,97.6786,97.7176,97.6981,CLEAN,PRICING_LIB,2026-07-15T09:05:00Z
2026-07-16,ACGB-3.0-2033,ACGB 3.0% 2033,RATES,,3.0189,,,97.6719,97.7109,97.6914,CLEAN,PRICING_LIB,2026-07-16T09:05:00Z
2026-07-17,ACGB-3.0-2033,ACGB 3.0% 2033,RATES,,3.026,,,97.6004,97.6394,97.6199,CLEAN,PRICING_LIB,2026-07-17T09:05:00Z
2026-07-20,ACGB-3.0-2033,ACGB 3.0% 2033,RATES,,3.0344,,,97.516,97.555,97.5355,CLEAN,PRICING_LIB,2026-07-20T09:05:00Z
2026-07-21,ACGB-3.0-2033,ACGB 3.0% 2033,RATES,,3.0328,,,97.5327,97.5717,97.5522,CLEAN,PRICING_LIB,2026-07-21T09:05:00Z
2026-07-22,ACGB-3.0-2033,ACGB 3.0% 2033,RATES,,3.0271,,,97.59,97.629,97.6095,CLEAN,PRICING_LIB,2026-07-22T09:05:00Z
2026-07-23,ACGB-3.0-2033,ACGB 3.0% 2033,RATES,,3.0114,,,97.7463,97.7855,97.7659,CLEAN,PRICING_LIB,2026-07-23T09:05:00Z
2026-07-24,ACGB-3.0-2033,ACGB 3.0% 2033,RATES,,3.0065,,,97.7958,97.835,97.8154,CLEAN,PRICING_LIB,2026-07-24T09:05:00Z
2026-07-27,ACGB-3.0-2033,ACGB 3.0% 2033,RATES,,3.0146,,,97.7143,97.7533,97.7338,CLEAN,PRICING_LIB,2026-07-27T09:05:00Z
2026-07-28,ACGB-3.0-2033,ACGB 3.0% 2033,RATES,,3.0159,,,97.7016,97.7406,97.7211,CLEAN,PRICING_LIB,2026-07-28T09:05:00Z
2026-07-29,ACGB-3.0-2033,ACGB 3.0% 2033,RATES,,3.0023,,,97.8371,97.8763,97.8567,CLEAN,PRICING_LIB,2026-07-29T09:05:00Z
2026-07-30,ACGB-3.0-2033,ACGB 3.0% 2033,RATES,,2.9877,,,97.9836,98.0228,98.0032,CLEAN,PRICING_LIB,2026-07-30T09:05:00Z
2026-07-31,ACGB-3.0-2033,ACGB 3.0% 2033,RATES,,2.9826,,,98.0342,98.0734,98.0538,CLEAN,PRICING_LIB,2026-07-31T09:05:00Z
2026-08-03,ACGB-3.0-2033,ACGB 3.0% 2033,RATES,,2.9787,,,98.0736,98.1128,98.0932,CLEAN,PRICING_LIB,2026-08-03T09:05:00Z
2026-08-04,ACGB-3.0-2033,ACGB 3.0% 2033,RATES,,2.9849,,,98.0111,98.0503,98.0307,CLEAN,PRICING_LIB,2026-08-04T09:05:00Z
2026-08-05,ACGB-3.0-2033,ACGB 3.0% 2033,RATES,,2.9912,,,97.9488,97.988,97.9684,CLEAN,PRICING_LIB,2026-08-05T09:05:00Z
2026-07-03,ORION-2.6-2029,Orion Holdings 2.6% 2029,CREDIT,,3.0,,,98.1304,98.1696,98.15,CLEAN,PRICING_LIB,2026-07-03T09:05:00Z
2026-07-06,ORION-2.6-2029,Orion Holdings 2.6% 2029,CREDIT,,2.9991,,,98.1397,98.1789,98.1593,CLEAN,PRICING_LIB,2026-07-06T09:05:00Z
2026-07-07,ORION-2.6-2029,Orion Holdings 2.6% 2029,CREDIT,,3.012,,,98.0101,98.0493,98.0297,CLEAN,PRICING_LIB,2026-07-07T09:05:00Z
2026-07-08,ORION-2.6-2029,Orion Holdings 2.6% 2029,CREDIT,,3.0218,,,97.9127,97.9519,97.9323,CLEAN,PRICING_LIB,2026-07-08T09:05:00Z
2026-07-09,ORION-2.6-2029,Orion Holdings 2.6% 2029,CREDIT,,3.0244,,,97.8864,97.9256,97.906,CLEAN,PRICING_LIB,2026-07-09T09:05:00Z
2026-07-10,ORION-2.6-2029,Orion Holdings 2.6% 2029,CREDIT,,3.0372,,,97.7588,97.798,97.7784,CLEAN,PRICING_LIB,2026-07-10T09:05:00Z
2026-07-13,ORION-2.6-2029,Orion Holdings 2.6% 2029,CREDIT,,3.0249,,,97.8818,97.921,97.9014,CLEAN,PRICING_LIB,2026-07-13T09:05:00Z
2026-07-14,ORION-2.6-2029,Orion Holdings 2.6% 2029,CREDIT,,3.025,,,97.8809,97.9201,97.9005,CLEAN,PRICING_LIB,2026-07-14T09:05:00Z
2026-07-15,ORION-2.6-2029,Orion Holdings 2.6% 2029,CREDIT,,3.0286,,,97.8444,97.8836,97.864,CLEAN,PRICING_LIB,2026-07-15T09:05:00Z
2026-07-16,ORION-2.6-2029,Orion Holdings 2.6% 2029,CREDIT,,3.034,,,97.7903,97.8295,97.8099,CLEAN,PRICING_LIB,2026-07-16T09:05:00Z
2026-07-17,ORION-2.6-2029,Orion Holdings 2.6% 2029,CREDIT,,3.0159,,,97.9712,98.0104,97.9908,CLEAN,PRICING_LIB,2026-07-17T09:05:00Z
2026-07-20,ORION-2.6-2029,Orion Holdings 2.6% 2029,CREDIT,,3.0195,,,97.9355,97.9747,97.9551,CLEAN,PRICING_LIB,2026-07-20T09:05:00Z
2026-07-21,ORION-2.6-2029,Orion Holdings 2.6% 2029,CREDIT,,3.01,,,98.0309,98.0701,98.0505,CLEAN,PRICING_LIB,2026-07-21T09:05:00Z
2026-07-22,ORION-2.6-2029,Orion Holdings 2.6% 2029,CREDIT,,3.0069,,,98.0613,98.1005,98.0809,CLEAN,PRICING_LIB,2026-07-22T09:05:00Z
2026-07-23,ORION-2.6-2029,Orion Holdings 2.6% 2029,CREDIT,,3.0002,,,98.128,98.1672,98.1476,CLEAN,PRICING_LIB,2026-07-23T09:05:00Z
2026-07-24,ORION-2.6-2029,Orion Holdings 2.6% 2029,CREDIT,,3.0071,,,98.0597,98.0989,98.0793,CLEAN,PRICING_LIB,2026-07-24T09:05:00Z
2026-07-27,ORION-2.6-2029,Orion Holdings 2.6% 2029,CREDIT,,2.9954,,,98.1763,98.2155,98.1959,CLEAN,PRICING_LIB,2026-07-27T09:05:00Z
2026-07-28,ORION-2.6-2029,Orion Holdings 2.6% 2029,CREDIT,,3.0034,,,98.0969,98.1361,98.1165,CLEAN,PRICING_LIB,2026-07-28T09:05:00Z
2026-07-29,ORION-2.6-2029,Orion Holdings 2.6% 2029,CREDIT,,2.9984,,,98.1467,98.1859,98.1663,CLEAN,PRICING_LIB,2026-07-29T09:05:00Z
2026-07-30,ORION-2.6-2029,Orion Holdings 2.6% 2029,CREDIT,,3.0121,,,98.0097,98.0489,98.0293,CLEAN,PRICING_LIB,2026-07-30T09:05:00Z
2026-07-31,ORION-2.6-2029,Orion Holdings 2.6% 2029,CREDIT,,3.022,,,97.9102,97.9494,97.9298,CLEAN,PRICING_LIB,2026-07-31T09:05:00Z
2026-08-03,ORION-2.6-2029,Orion Holdings 2.6% 2029,CREDIT,,3.013,,,98.0005,98.0397,98.0201,CLEAN,PRICING_LIB,2026-08-03T09:05:00Z
2026-08-04,ORION-2.6-2029,Orion Holdings 2.6% 2029,CREDIT,,3.0166,,,97.9645,98.0037,97.9841,CLEAN,PRICING_LIB,2026-08-04T09:05:00Z
2026-08-05,ORION-2.6-2029,Orion Holdings 2.6% 2029,CREDIT,,3.0272,,,97.858,97.8972,97.8776,CLEAN,PRICING_LIB,2026-08-05T09:05:00Z
2026-07-03,VERTEX-3.1-2028,Vertex Industries 3.1% 2028,CREDIT,,3.0,,,100.3999,100.4401,100.42,CLEAN,PRICING_LIB,2026-07-03T09:05:00Z
2026-07-06,VERTEX-3.1-2028,Vertex Industries 3.1% 2028,CREDIT,,2.9959,,,100.4406,100.4808,100.4607,CLEAN,PRICING_LIB,2026-07-06T09:05:00Z
2026-07-07,VERTEX-3.1-2028,Vertex Industries 3.1% 2028,CREDIT,,2.9888,,,100.5123,100.5525,100.5324,CLEAN,PRICING_LIB,2026-07-07T09:05:00Z
2026-07-08,VERTEX-3.1-2028,Vertex Industries 3.1% 2028,CREDIT,,3.0153,,,100.2474,100.2876,100.2675,CLEAN,PRICING_LIB,2026-07-08T09:05:00Z
2026-07-09,VERTEX-3.1-2028,Vertex Industries 3.1% 2028,CREDIT,,3.0087,,,100.3128,100.353,100.3329,CLEAN,PRICING_LIB,2026-07-09T09:05:00Z
2026-07-10,VERTEX-3.1-2028,Vertex Industries 3.1% 2028,CREDIT,,3.0226,,,100.1741,100.2141,100.1941,CLEAN,PRICING_LIB,2026-07-10T09:05:00Z
2026-07-13,VERTEX-3.1-2028,Vertex Industries 3.1% 2028,CREDIT,,3.0108,,,100.292,100.3322,100.3121,CLEAN,PRICING_LIB,2026-07-13T09:05:00Z
2026-07-14,VERTEX-3.1-2028,Vertex Industries 3.1% 2028,CREDIT,,3.017,,,100.2304,100.2706,100.2505,CLEAN,PRICING_LIB,2026-07-14T09:05:00Z
2026-07-15,VERTEX-3.1-2028,Vertex Industries 3.1% 2028,CREDIT,,3.0257,,,100.1431,100.1831,100.1631,CLEAN,PRICING_LIB,2026-07-15T09:05:00Z
2026-07-16,VERTEX-3.1-2028,Vertex Industries 3.1% 2028,CREDIT,,3.02,,,100.2005,100.2405,100.2205,CLEAN,PRICING_LIB,2026-07-16T09:05:00Z
2026-07-17,VERTEX-3.1-2028,Vertex Industries 3.1% 2028,CREDIT,,2.9982,,,100.4179,100.4581,100.438,CLEAN,PRICING_LIB,2026-07-17T09:05:00Z
2026-07-20,VERTEX-3.1-2028,Vertex Industries 3.1% 2028,CREDIT,,3.0042,,,100.3582,100.3984,100.3783,CLEAN,PRICING_LIB,2026-07-20T09:05:00Z
2026-07-21,VERTEX-3.1-2028,Vertex Industries 3.1% 2028,CREDIT,,2.9987,,,100.4124,100.4526,100.4325,CLEAN,PRICING_LIB,2026-07-21T09:05:00Z
2026-07-22,VERTEX-3.1-2028,Vertex Industries 3.1% 2028,CREDIT,,2.9839,,,100.5605,100.6007,100.5806,CLEAN,PRICING_LIB,2026-07-22T09:05:00Z
2026-07-23,VERTEX-3.1-2028,Vertex Industries 3.1% 2028,CREDIT,,2.9981,,,100.419,100.4592,100.4391,CLEAN,PRICING_LIB,2026-07-23T09:05:00Z
2026-07-24,VERTEX-3.1-2028,Vertex Industries 3.1% 2028,CREDIT,,2.9888,,,100.512,100.5522,100.5321,CLEAN,PRICING_LIB,2026-07-24T09:05:00Z
2026-07-27,VERTEX-3.1-2028,Vertex Industries 3.1% 2028,CREDIT,,2.9831,,,100.5687,100.6089,100.5888,CLEAN,PRICING_LIB,2026-07-27T09:05:00Z
2026-07-28,VERTEX-3.1-2028,Vertex Industries 3.1% 2028,CREDIT,,2.9859,,,100.5412,100.5814,100.5613,CLEAN,PRICING_LIB,2026-07-28T09:05:00Z
2026-07-29,VERTEX-3.1-2028,Vertex Industries 3.1% 2028,CREDIT,,2.9898,,,100.502,100.5422,100.5221,CLEAN,PRICING_LIB,2026-07-29T09:05:00Z
2026-07-30,VERTEX-3.1-2028,Vertex Industries 3.1% 2028,CREDIT,,3.0007,,,100.3928,100.433,100.4129,CLEAN,PRICING_LIB,2026-07-30T09:05:00Z
2026-07-31,VERTEX-3.1-2028,Vertex Industries 3.1% 2028,CREDIT,,3.0038,,,100.3622,100.4024,100.3823,CLEAN,PRICING_LIB,2026-07-31T09:05:00Z
2026-08-03,VERTEX-3.1-2028,Vertex Industries 3.1% 2028,CREDIT,,3.0012,,,100.388,100.4282,100.4081,CLEAN,PRICING_LIB,2026-08-03T09:05:00Z
2026-08-04,VERTEX-3.1-2028,Vertex Industries 3.1% 2028,CREDIT,,2.9929,,,100.4712,100.5114,100.4913,CLEAN,PRICING_LIB,2026-08-04T09:05:00Z
2026-08-05,VERTEX-3.1-2028,Vertex Industries 3.1% 2028,CREDIT,,2.9846,,,100.5541,100.5943,100.5742,CLEAN,PRICING_LIB,2026-08-05T09:05:00Z
2026-07-03,KESTREL-4.0-2030,Kestrel Energy 4.0% 2030,CREDIT,,3.0,,,95.6809,95.7191,95.7,CLEAN,PRICING_LIB,2026-07-03T09:05:00Z
2026-07-06,KESTREL-4.0-2030,Kestrel Energy 4.0% 2030,CREDIT,,2.9958,,,95.7226,95.7608,95.7417,CLEAN,PRICING_LIB,2026-07-06T09:05:00Z
2026-07-07,KESTREL-4.0-2030,Kestrel Energy 4.0% 2030,CREDIT,,3.0078,,,95.6028,95.641,95.6219,CLEAN,PRICING_LIB,2026-07-07T09:05:00Z
2026-07-08,KESTREL-4.0-2030,Kestrel Energy 4.0% 2030,CREDIT,,3.0109,,,95.5717,95.6099,95.5908,CLEAN,PRICING_LIB,2026-07-08T09:05:00Z
2026-07-09,KESTREL-4.0-2030,Kestrel Energy 4.0% 2030,CREDIT,,3.0187,,,95.4934,95.5316,95.5125,CLEAN,PRICING_LIB,2026-07-09T09:05:00Z
2026-07-10,KESTREL-4.0-2030,Kestrel Energy 4.0% 2030,CREDIT,,3.0279,,,95.4015,95.4397,95.4206,CLEAN,PRICING_LIB,2026-07-10T09:05:00Z
2026-07-13,KESTREL-4.0-2030,Kestrel Energy 4.0% 2030,CREDIT,,3.0451,,,95.2301,95.2681,95.2491,CLEAN,PRICING_LIB,2026-07-13T09:05:00Z
2026-07-14,KESTREL-4.0-2030,Kestrel Energy 4.0% 2030,CREDIT,,3.0471,,,95.2105,95.2485,95.2295,CLEAN,PRICING_LIB,2026-07-14T09:05:00Z
2026-07-15,KESTREL-4.0-2030,Kestrel Energy 4.0% 2030,CREDIT,,3.0457,,,95.2237,95.2617,95.2427,CLEAN,PRICING_LIB,2026-07-15T09:05:00Z
2026-07-16,KESTREL-4.0-2030,Kestrel Energy 4.0% 2030,CREDIT,,3.0561,,,95.1202,95.1582,95.1392,CLEAN,PRICING_LIB,2026-07-16T09:05:00Z
2026-07-17,KESTREL-4.0-2030,Kestrel Energy 4.0% 2030,CREDIT,,3.0487,,,95.1945,95.2325,95.2135,CLEAN,PRICING_LIB,2026-07-17T09:05:00Z
2026-07-20,KESTREL-4.0-2030,Kestrel Energy 4.0% 2030,CREDIT,,3.0687,,,94.9937,95.0317,95.0127,CLEAN,PRICING_LIB,2026-07-20T09:05:00Z
2026-07-21,KESTREL-4.0-2030,Kestrel Energy 4.0% 2030,CREDIT,,3.0624,,,95.0571,95.0951,95.0761,CLEAN,PRICING_LIB,2026-07-21T09:05:00Z
2026-07-22,KESTREL-4.0-2030,Kestrel Energy 4.0% 2030,CREDIT,,3.0636,,,95.0453,95.0833,95.0643,CLEAN,PRICING_LIB,2026-07-22T09:05:00Z
2026-07-23,KESTREL-4.0-2030,Kestrel Energy 4.0% 2030,CREDIT,,3.0634,,,95.0469,95.0849,95.0659,CLEAN,PRICING_LIB,2026-07-23T09:05:00Z
2026-07-24,KESTREL-4.0-2030,Kestrel Energy 4.0% 2030,CREDIT,,3.0655,,,95.0256,95.0636,95.0446,CLEAN,PRICING_LIB,2026-07-24T09:05:00Z
2026-07-27,KESTREL-4.0-2030,Kestrel Energy 4.0% 2030,CREDIT,,3.0587,,,95.0944,95.1324,95.1134,CLEAN,PRICING_LIB,2026-07-27T09:05:00Z
2026-07-28,KESTREL-4.0-2030,Kestrel Energy 4.0% 2030,CREDIT,,3.0555,,,95.1256,95.1636,95.1446,CLEAN,PRICING_LIB,2026-07-28T09:05:00Z
2026-07-29,KESTREL-4.0-2030,Kestrel Energy 4.0% 2030,CREDIT,,3.0591,,,95.0896,95.1276,95.1086,CLEAN,PRICING_LIB,2026-07-29T09:05:00Z
2026-07-30,KESTREL-4.0-2030,Kestrel Energy 4.0% 2030,CREDIT,,3.0588,,,95.093,95.131,95.112,CLEAN,PRICING_LIB,2026-07-30T09:05:00Z
2026-07-31,KESTREL-4.0-2030,Kestrel Energy 4.0% 2030,CREDIT,,3.0597,,,95.0841,95.1221,95.1031,CLEAN,PRICING_LIB,2026-07-31T09:05:00Z
2026-08-03,KESTREL-4.0-2030,Kestrel Energy 4.0% 2030,CREDIT,,3.0629,,,95.0519,95.0899,95.0709,CLEAN,PRICING_LIB,2026-08-03T09:05:00Z
2026-08-04,KESTREL-4.0-2030,Kestrel Energy 4.0% 2030,CREDIT,,3.0583,,,95.0977,95.1357,95.1167,CLEAN,PRICING_LIB,2026-08-04T09:05:00Z
2026-08-05,KESTREL-4.0-2030,Kestrel Energy 4.0% 2030,CREDIT,,3.0552,,,95.1291,95.1671,95.1481,CLEAN,PRICING_LIB,2026-08-05T09:05:00Z
2026-07-03,CDS-ORION-5Y,CDS Orion Holdings 5Y,CREDIT,,,88.0,,87.12,88.88,88.0,SPREAD,PRICING_LIB,2026-07-03T09:05:00Z
2026-07-06,CDS-ORION-5Y,CDS Orion Holdings 5Y,CREDIT,,,87.2242,,86.352,88.0964,87.2242,SPREAD,PRICING_LIB,2026-07-06T09:05:00Z
2026-07-07,CDS-ORION-5Y,CDS Orion Holdings 5Y,CREDIT,,,86.9485,,86.079,87.818,86.9485,SPREAD,PRICING_LIB,2026-07-07T09:05:00Z
2026-07-08,CDS-ORION-5Y,CDS Orion Holdings 5Y,CREDIT,,,88.5865,,87.7006,89.4724,88.5865,SPREAD,PRICING_LIB,2026-07-08T09:05:00Z
2026-07-09,CDS-ORION-5Y,CDS Orion Holdings 5Y,CREDIT,,,89.7741,,88.8764,90.6718,89.7741,SPREAD,PRICING_LIB,2026-07-09T09:05:00Z
2026-07-10,CDS-ORION-5Y,CDS Orion Holdings 5Y,CREDIT,,,90.432,,89.5277,91.3363,90.432,SPREAD,PRICING_LIB,2026-07-10T09:05:00Z
2026-07-13,CDS-ORION-5Y,CDS Orion Holdings 5Y,CREDIT,,,92.8094,,91.8813,93.7375,92.8094,SPREAD,PRICING_LIB,2026-07-13T09:05:00Z
2026-07-14,CDS-ORION-5Y,CDS Orion Holdings 5Y,CREDIT,,,93.0105,,92.0804,93.9406,93.0105,SPREAD,PRICING_LIB,2026-07-14T09:05:00Z
2026-07-15,CDS-ORION-5Y,CDS Orion Holdings 5Y,CREDIT,,,94.0492,,93.1087,94.9897,94.0492,SPREAD,PRICING_LIB,2026-07-15T09:05:00Z
2026-07-16,CDS-ORION-5Y,CDS Orion Holdings 5Y,CREDIT,,,94.4613,,93.5167,95.4059,94.4613,SPREAD,PRICING_LIB,2026-07-16T09:05:00Z
2026-07-17,CDS-ORION-5Y,CDS Orion Holdings 5Y,CREDIT,,,93.3382,,92.4048,94.2716,93.3382,SPREAD,PRICING_LIB,2026-07-17T09:05:00Z
2026-07-20,CDS-ORION-5Y,CDS Orion Holdings 5Y,CREDIT,,,92.6885,,91.7616,93.6154,92.6885,SPREAD,PRICING_LIB,2026-07-20T09:05:00Z
2026-07-21,CDS-ORION-5Y,CDS Orion Holdings 5Y,CREDIT,,,93.4209,,92.4867,94.3551,93.4209,SPREAD,PRICING_LIB,2026-07-21T09:05:00Z
2026-07-22,CDS-ORION-5Y,CDS Orion Holdings 5Y,CREDIT,,,96.5725,,95.6068,97.5382,96.5725,SPREAD,PRICING_LIB,2026-07-22T09:05:00Z
2026-07-23,CDS-ORION-5Y,CDS Orion Holdings 5Y,CREDIT,,,95.7555,,94.7979,96.7131,95.7555,SPREAD,PRICING_LIB,2026-07-23T09:05:00Z
2026-07-24,CDS-ORION-5Y,CDS Orion Holdings 5Y,CREDIT,,,94.6111,,93.665,95.5572,94.6111,SPREAD,PRICING_LIB,2026-07-24T09:05:00Z
2026-07-27,CDS-ORION-5Y,CDS Orion Holdings 5Y,CREDIT,,,94.9323,,93.983,95.8816,94.9323,SPREAD,PRICING_LIB,2026-07-27T09:05:00Z
2026-07-28,CDS-ORION-5Y,CDS Orion Holdings 5Y,CREDIT,,,98.379,,97.3952,99.3628,98.379,SPREAD,PRICING_LIB,2026-07-28T09:05:00Z
2026-07-29,CDS-ORION-5Y,CDS Orion Holdings 5Y,CREDIT,,,97.4722,,96.4975,98.4469,97.4722,SPREAD,PRICING_LIB,2026-07-29T09:05:00Z
2026-07-30,CDS-ORION-5Y,CDS Orion Holdings 5Y,CREDIT,,,96.8207,,95.8525,97.7889,96.8207,SPREAD,PRICING_LIB,2026-07-30T09:05:00Z
2026-07-31,CDS-ORION-5Y,CDS Orion Holdings 5Y,CREDIT,,,98.2022,,97.2202,99.1842,98.2022,SPREAD,PRICING_LIB,2026-07-31T09:05:00Z
2026-08-03,CDS-ORION-5Y,CDS Orion Holdings 5Y,CREDIT,,,100.2756,,99.2728,101.2784,100.2756,SPREAD,PRICING_LIB,2026-08-03T09:05:00Z
2026-08-04,CDS-ORION-5Y,CDS Orion Holdings 5Y,CREDIT,,,99.3147,,98.3216,100.3078,99.3147,SPREAD,PRICING_LIB,2026-08-04T09:05:00Z
2026-08-05,CDS-ORION-5Y,CDS Orion Holdings 5Y,CREDIT,,,99.0031,,98.0131,99.9931,99.0031,SPREAD,PRICING_LIB,2026-08-05T09:05:00Z
2026-07-03,CDS-VERTEX-5Y,CDS Vertex Industries 5Y,CREDIT,,,141.0,,139.59,142.41,141.0,SPREAD,PRICING_LIB,2026-07-03T09:05:00Z
2026-07-06,CDS-VERTEX-5Y,CDS Vertex Industries 5Y,CREDIT,,,142.5814,,141.1556,144.0072,142.5814,SPREAD,PRICING_LIB,2026-07-06T09:05:00Z
2026-07-07,CDS-VERTEX-5Y,CDS Vertex Industries 5Y,CREDIT,,,143.4566,,142.022,144.8912,143.4566,SPREAD,PRICING_LIB,2026-07-07T09:05:00Z
2026-07-08,CDS-VERTEX-5Y,CDS Vertex Industries 5Y,CREDIT,,,144.7469,,143.2994,146.1944,144.7469,SPREAD,PRICING_LIB,2026-07-08T09:05:00Z
2026-07-09,CDS-VERTEX-5Y,CDS Vertex Industries 5Y,CREDIT,,,146.5348,,145.0695,148.0001,146.5348,SPREAD,PRICING_LIB,2026-07-09T09:05:00Z
2026-07-10,CDS-VERTEX-5Y,CDS Vertex Industries 5Y,CREDIT,,,147.1485,,145.677,148.62,147.1485,SPREAD,PRICING_LIB,2026-07-10T09:05:00Z
2026-07-13,CDS-VERTEX-5Y,CDS Vertex Industries 5Y,CREDIT,,,147.3069,,145.8338,148.78,147.3069,SPREAD,PRICING_LIB,2026-07-13T09:05:00Z
2026-07-14,CDS-VERTEX-5Y,CDS Vertex Industries 5Y,CREDIT,,,146.7837,,145.3159,148.2515,146.7837,SPREAD,PRICING_LIB,2026-07-14T09:05:00Z
2026-07-15,CDS-VERTEX-5Y,CDS Vertex Industries 5Y,CREDIT,,,145.9055,,144.4464,147.3646,145.9055,SPREAD,PRICING_LIB,2026-07-15T09:05:00Z
2026-07-16,CDS-VERTEX-5Y,CDS Vertex Industries 5Y,CREDIT,,,146.2247,,144.7625,147.6869,146.2247,SPREAD,PRICING_LIB,2026-07-16T09:05:00Z
2026-07-17,CDS-VERTEX-5Y,CDS Vertex Industries 5Y,CREDIT,,,144.769,,143.3213,146.2167,144.769,SPREAD,PRICING_LIB,2026-07-17T09:05:00Z
2026-07-20,CDS-VERTEX-5Y,CDS Vertex Industries 5Y,CREDIT,,,143.8319,,142.3936,145.2702,143.8319,SPREAD,PRICING_LIB,2026-07-20T09:05:00Z
2026-07-21,CDS-VERTEX-5Y,CDS Vertex Industries 5Y,CREDIT,,,142.3145,,140.8914,143.7376,142.3145,SPREAD,PRICING_LIB,2026-07-21T09:05:00Z
2026-07-22,CDS-VERTEX-5Y,CDS Vertex Industries 5Y,CREDIT,,,145.2475,,143.795,146.7,145.2475,SPREAD,PRICING_LIB,2026-07-22T09:05:00Z
2026-07-23,CDS-VERTEX-5Y,CDS Vertex Industries 5Y,CREDIT,,,147.9831,,146.5033,149.4629,147.9831,SPREAD,PRICING_LIB,2026-07-23T09:05:00Z
2026-07-24,CDS-VERTEX-5Y,CDS Vertex Industries 5Y,CREDIT,,,149.7586,,148.261,151.2562,149.7586,SPREAD,PRICING_LIB,2026-07-24T09:05:00Z
2026-07-27,CDS-VERTEX-5Y,CDS Vertex Industries 5Y,CREDIT,,,149.6,,148.104,151.096,149.6,SPREAD,PRICING_LIB,2026-07-27T09:05:00Z
2026-07-28,CDS-VERTEX-5Y,CDS Vertex Industries 5Y,CREDIT,,,147.3779,,145.9041,148.8517,147.3779,SPREAD,PRICING_LIB,2026-07-28T09:05:00Z
2026-07-29,CDS-VERTEX-5Y,CDS Vertex Industries 5Y,CREDIT,,,147.8981,,146.4191,149.3771,147.8981,SPREAD,PRICING_LIB,2026-07-29T09:05:00Z
2026-07-30,CDS-VERTEX-5Y,CDS Vertex Industries 5Y,CREDIT,,,148.589,,147.1031,150.0749,148.589,SPREAD,PRICING_LIB,2026-07-30T09:05:00Z
2026-07-31,CDS-VERTEX-5Y,CDS Vertex Industries 5Y,CREDIT,,,149.2824,,147.7896,150.7752,149.2824,SPREAD,PRICING_LIB,2026-07-31T09:05:00Z
2026-08-03,CDS-VERTEX-5Y,CDS Vertex Industries 5Y,CREDIT,,,146.0107,,144.5506,147.4708,146.0107,SPREAD,PRICING_LIB,2026-08-03T09:05:00Z
2026-08-04,CDS-VERTEX-5Y,CDS Vertex Industries 5Y,CREDIT,,,150.1721,,148.6704,151.6738,150.1721,SPREAD,PRICING_LIB,2026-08-04T09:05:00Z
2026-08-05,CDS-VERTEX-5Y,CDS Vertex Industries 5Y,CREDIT,,,150.1368,,148.6354,151.6382,150.1368,SPREAD,PRICING_LIB,2026-08-05T09:05:00Z
2026-07-03,NKY-INDEX,Nikkei 225 Index,EQUITY,38140.0,,,,38132.372,38147.628,38140.0,LAST,PRICING_LIB,2026-07-03T09:05:00Z
2026-07-06,NKY-INDEX,Nikkei 225 Index,EQUITY,38142.3586,,,,38134.7301,38149.9871,38142.3586,LAST,PRICING_LIB,2026-07-06T09:05:00Z
2026-07-07,NKY-INDEX,Nikkei 225 Index,EQUITY,38244.3279,,,,38236.679,38251.9768,38244.3279,LAST,PRICING_LIB,2026-07-07T09:05:00Z
2026-07-08,NKY-INDEX,Nikkei 225 Index,EQUITY,38210.3207,,,,38202.6786,38217.9628,38210.3207,LAST,PRICING_LIB,2026-07-08T09:05:00Z
2026-07-09,NKY-INDEX,Nikkei 225 Index,EQUITY,38164.7958,,,,38157.1628,38172.4288,38164.7958,LAST,PRICING_LIB,2026-07-09T09:05:00Z
2026-07-10,NKY-INDEX,Nikkei 225 Index,EQUITY,38177.7383,,,,38170.1028,38185.3738,38177.7383,LAST,PRICING_LIB,2026-07-10T09:05:00Z
2026-07-13,NKY-INDEX,Nikkei 225 Index,EQUITY,38155.7867,,,,38148.1555,38163.4179,38155.7867,LAST,PRICING_LIB,2026-07-13T09:05:00Z
2026-07-14,NKY-INDEX,Nikkei 225 Index,EQUITY,38153.3819,,,,38145.7512,38161.0126,38153.3819,LAST,PRICING_LIB,2026-07-14T09:05:00Z
2026-07-15,NKY-INDEX,Nikkei 225 Index,EQUITY,38159.5963,,,,38151.9644,38167.2282,38159.5963,LAST,PRICING_LIB,2026-07-15T09:05:00Z
2026-07-16,NKY-INDEX,Nikkei 225 Index,EQUITY,38135.2398,,,,38127.6128,38142.8668,38135.2398,LAST,PRICING_LIB,2026-07-16T09:05:00Z
2026-07-17,NKY-INDEX,Nikkei 225 Index,EQUITY,38096.3323,,,,38088.713,38103.9516,38096.3323,LAST,PRICING_LIB,2026-07-17T09:05:00Z
2026-07-20,NKY-INDEX,Nikkei 225 Index,EQUITY,38149.6872,,,,38142.0573,38157.3171,38149.6872,LAST,PRICING_LIB,2026-07-20T09:05:00Z
2026-07-21,NKY-INDEX,Nikkei 225 Index,EQUITY,38053.4345,,,,38045.8238,38061.0452,38053.4345,LAST,PRICING_LIB,2026-07-21T09:05:00Z
2026-07-22,NKY-INDEX,Nikkei 225 Index,EQUITY,38087.2571,,,,38079.6396,38094.8746,38087.2571,LAST,PRICING_LIB,2026-07-22T09:05:00Z
2026-07-23,NKY-INDEX,Nikkei 225 Index,EQUITY,38128.4364,,,,38120.8107,38136.0621,38128.4364,LAST,PRICING_LIB,2026-07-23T09:05:00Z
2026-07-24,NKY-INDEX,Nikkei 225 Index,EQUITY,38113.3602,,,,38105.7375,38120.9829,38113.3602,LAST,PRICING_LIB,2026-07-24T09:05:00Z
2026-07-27,NKY-INDEX,Nikkei 225 Index,EQUITY,38151.9926,,,,38144.3622,38159.623,38151.9926,LAST,PRICING_LIB,2026-07-27T09:05:00Z
2026-07-28,NKY-INDEX,Nikkei 225 Index,EQUITY,38184.6997,,,,38177.0628,38192.3366,38184.6997,LAST,PRICING_LIB,2026-07-28T09:05:00Z
2026-07-29,NKY-INDEX,Nikkei 225 Index,EQUITY,38243.2976,,,,38235.6489,38250.9463,38243.2976,LAST,PRICING_LIB,2026-07-29T09:05:00Z
2026-07-30,NKY-INDEX,Nikkei 225 Index,EQUITY,38188.7316,,,,38181.0939,38196.3693,38188.7316,LAST,PRICING_LIB,2026-07-30T09:05:00Z
2026-07-31,NKY-INDEX,Nikkei 225 Index,EQUITY,38216.5529,,,,38208.9096,38224.1962,38216.5529,LAST,PRICING_LIB,2026-07-31T09:05:00Z
2026-08-03,NKY-INDEX,Nikkei 225 Index,EQUITY,38280.2976,,,,38272.6415,38287.9537,38280.2976,LAST,PRICING_LIB,2026-08-03T09:05:00Z
2026-08-04,NKY-INDEX,Nikkei 225 Index,EQUITY,38299.8558,,,,38292.1958,38307.5158,38299.8558,LAST,PRICING_LIB,2026-08-04T09:05:00Z
2026-08-05,NKY-INDEX,Nikkei 225 Index,EQUITY,38308.273,,,,38300.6113,38315.9347,38308.273,LAST,PRICING_LIB,2026-08-05T09:05:00Z
2026-07-03,NKY-FUT-2026-12,Nikkei 225 Future Dec26,EQUITY,38205.0,,,,38197.359,38212.641,38205.0,LAST,PRICING_LIB,2026-07-03T09:05:00Z
2026-07-06,NKY-FUT-2026-12,Nikkei 225 Future Dec26,EQUITY,38183.9746,,,,38176.3378,38191.6114,38183.9746,LAST,PRICING_LIB,2026-07-06T09:05:00Z
2026-07-07,NKY-FUT-2026-12,Nikkei 225 Future Dec26,EQUITY,38192.4209,,,,38184.7824,38200.0594,38192.4209,LAST,PRICING_LIB,2026-07-07T09:05:00Z
2026-07-08,NKY-FUT-2026-12,Nikkei 225 Future Dec26,EQUITY,38091.5645,,,,38083.9462,38099.1828,38091.5645,LAST,PRICING_LIB,2026-07-08T09:05:00Z
2026-07-09,NKY-FUT-2026-12,Nikkei 225 Future Dec26,EQUITY,38039.9333,,,,38032.3253,38047.5413,38039.9333,LAST,PRICING_LIB,2026-07-09T09:05:00Z
2026-07-10,NKY-FUT-2026-12,Nikkei 225 Future Dec26,EQUITY,37968.5365,,,,37960.9428,37976.1302,37968.5365,LAST,PRICING_LIB,2026-07-10T09:05:00Z
2026-07-13,NKY-FUT-2026-12,Nikkei 225 Future Dec26,EQUITY,37955.1142,,,,37947.5232,37962.7052,37955.1142,LAST,PRICING_LIB,2026-07-13T09:05:00Z
2026-07-14,NKY-FUT-2026-12,Nikkei 225 Future Dec26,EQUITY,37947.563,,,,37939.9735,37955.1525,37947.563,LAST,PRICING_LIB,2026-07-14T09:05:00Z
2026-07-15,NKY-FUT-2026-12,Nikkei 225 Future Dec26,EQUITY,37959.2321,,,,37951.6403,37966.8239,37959.2321,LAST,PRICING_LIB,2026-07-15T09:05:00Z
2026-07-16,NKY-FUT-2026-12,Nikkei 225 Future Dec26,EQUITY,37946.6589,,,,37939.0696,37954.2482,37946.6589,LAST,PRICING_LIB,2026-07-16T09:05:00Z
2026-07-17,NKY-FUT-2026-12,Nikkei 225 Future Dec26,EQUITY,37992.4732,,,,37984.8747,38000.0717,37992.4732,LAST,PRICING_LIB,2026-07-17T09:05:00Z
2026-07-20,NKY-FUT-2026-12,Nikkei 225 Future Dec26,EQUITY,38003.1949,,,,37995.5943,38010.7955,38003.1949,LAST,PRICING_LIB,2026-07-20T09:05:00Z
2026-07-21,NKY-FUT-2026-12,Nikkei 225 Future Dec26,EQUITY,37935.0299,,,,37927.4429,37942.6169,37935.0299,LAST,PRICING_LIB,2026-07-21T09:05:00Z
2026-07-22,NKY-FUT-2026-12,Nikkei 225 Future Dec26,EQUITY,37956.9098,,,,37949.3184,37964.5012,37956.9098,LAST,PRICING_LIB,2026-07-22T09:05:00Z
2026-07-23,NKY-FUT-2026-12,Nikkei 225 Future Dec26,EQUITY,37900.6782,,,,37893.0981,37908.2583,37900.6782,LAST,PRICING_LIB,2026-07-23T09:05:00Z
2026-07-24,NKY-FUT-2026-12,Nikkei 225 Future Dec26,EQUITY,37891.7443,,,,37884.166,37899.3226,37891.7443,LAST,PRICING_LIB,2026-07-24T09:05:00Z
2026-07-27,NKY-FUT-2026-12,Nikkei 225 Future Dec26,EQUITY,37918.7042,,,,37911.1205,37926.2879,37918.7042,LAST,PRICING_LIB,2026-07-27T09:05:00Z
2026-07-28,NKY-FUT-2026-12,Nikkei 225 Future Dec26,EQUITY,37951.5259,,,,37943.9356,37959.1162,37951.5259,LAST,PRICING_LIB,2026-07-28T09:05:00Z
2026-07-29,NKY-FUT-2026-12,Nikkei 225 Future Dec26,EQUITY,38008.2201,,,,38000.6185,38015.8217,38008.2201,LAST,PRICING_LIB,2026-07-29T09:05:00Z
2026-07-30,NKY-FUT-2026-12,Nikkei 225 Future Dec26,EQUITY,38065.1865,,,,38057.5735,38072.7995,38065.1865,LAST,PRICING_LIB,2026-07-30T09:05:00Z
2026-07-31,NKY-FUT-2026-12,Nikkei 225 Future Dec26,EQUITY,38089.3143,,,,38081.6964,38096.9322,38089.3143,LAST,PRICING_LIB,2026-07-31T09:05:00Z
2026-08-03,NKY-FUT-2026-12,Nikkei 225 Future Dec26,EQUITY,38058.8789,,,,38051.2671,38066.4907,38058.8789,LAST,PRICING_LIB,2026-08-03T09:05:00Z
2026-08-04,NKY-FUT-2026-12,Nikkei 225 Future Dec26,EQUITY,38104.6766,,,,38097.0557,38112.2975,38104.6766,LAST,PRICING_LIB,2026-08-04T09:05:00Z
2026-08-05,NKY-FUT-2026-12,Nikkei 225 Future Dec26,EQUITY,38060.9243,,,,38053.3121,38068.5365,38060.9243,LAST,PRICING_LIB,2026-08-05T09:05:00Z
2026-07-03,NKY-CALL-39000-2026-12,Nikkei 225 Call 39000 Dec26,EQUITY,612.0,,,17.916,611.8776,612.1224,612.0,LAST,PRICING_LIB,2026-07-03T09:05:00Z
2026-07-06,NKY-CALL-39000-2026-12,Nikkei 225 Call 39000 Dec26,EQUITY,706.0258,,,17.789,705.8846,706.167,706.0258,LAST,PRICING_LIB,2026-07-06T09:05:00Z
2026-07-07,NKY-CALL-39000-2026-12,Nikkei 225 Call 39000 Dec26,EQUITY,745.2201,,,18.164,745.0711,745.3691,745.2201,LAST,PRICING_LIB,2026-07-07T09:05:00Z
2026-07-08,NKY-CALL-39000-2026-12,Nikkei 225 Call 39000 Dec26,EQUITY,811.6024,,,17.846,811.4401,811.7647,811.6024,LAST,PRICING_LIB,2026-07-08T09:05:00Z
2026-07-09,NKY-CALL-39000-2026-12,Nikkei 225 Call 39000 Dec26,EQUITY,836.2831,,,17.708,836.1158,836.4504,836.2831,LAST,PRICING_LIB,2026-07-09T09:05:00Z
2026-07-10,NKY-CALL-39000-2026-12,Nikkei 225 Call 39000 Dec26,EQUITY,896.2661,,,17.288,896.0868,896.4454,896.2661,LAST,PRICING_LIB,2026-07-10T09:05:00Z
2026-07-13,NKY-CALL-39000-2026-12,Nikkei 225 Call 39000 Dec26,EQUITY,896.2135,,,17.805,896.0343,896.3927,896.2135,LAST,PRICING_LIB,2026-07-13T09:05:00Z
2026-07-14,NKY-CALL-39000-2026-12,Nikkei 225 Call 39000 Dec26,EQUITY,903.672,,,18.549,903.4913,903.8527,903.672,LAST,PRICING_LIB,2026-07-14T09:05:00Z
2026-07-15,NKY-CALL-39000-2026-12,Nikkei 225 Call 39000 Dec26,EQUITY,934.2202,,,18.5,934.0334,934.407,934.2202,LAST,PRICING_LIB,2026-07-15T09:05:00Z
2026-07-16,NKY-CALL-39000-2026-12,Nikkei 225 Call 39000 Dec26,EQUITY,966.4389,,,17.535,966.2456,966.6322,966.4389,LAST,PRICING_LIB,2026-07-16T09:05:00Z
2026-07-17,NKY-CALL-39000-2026-12,Nikkei 225 Call 39000 Dec26,EQUITY,992.1899,,,19.144,991.9915,992.3883,992.1899,LAST,PRICING_LIB,2026-07-17T09:05:00Z
2026-07-20,NKY-CALL-39000-2026-12,Nikkei 225 Call 39000 Dec26,EQUITY,981.2658,,,18.266,981.0695,981.4621,981.2658,LAST,PRICING_LIB,2026-07-20T09:05:00Z
2026-07-21,NKY-CALL-39000-2026-12,Nikkei 225 Call 39000 Dec26,EQUITY,1053.6353,,,18.359,1053.4246,1053.846,1053.6353,LAST,PRICING_LIB,2026-07-21T09:05:00Z
2026-07-22,NKY-CALL-39000-2026-12,Nikkei 225 Call 39000 Dec26,EQUITY,1080.733,,,17.774,1080.5169,1080.9491,1080.733,LAST,PRICING_LIB,2026-07-22T09:05:00Z
2026-07-23,NKY-CALL-39000-2026-12,Nikkei 225 Call 39000 Dec26,EQUITY,1139.7681,,,17.369,1139.5401,1139.9961,1139.7681,LAST,PRICING_LIB,2026-07-23T09:05:00Z
2026-07-24,NKY-CALL-39000-2026-12,Nikkei 225 Call 39000 Dec26,EQUITY,1113.0645,,,17.905,1112.8419,1113.2871,1113.0645,LAST,PRICING_LIB,2026-07-24T09:05:00Z
2026-07-27,NKY-CALL-39000-2026-12,Nikkei 225 Call 39000 Dec26,EQUITY,1108.364,,,17.524,1108.1423,1108.5857,1108.364,LAST,PRICING_LIB,2026-07-27T09:05:00Z
2026-07-28,NKY-CALL-39000-2026-12,Nikkei 225 Call 39000 Dec26,EQUITY,1082.2601,,,18.293,1082.0436,1082.4766,1082.2601,LAST,PRICING_LIB,2026-07-28T09:05:00Z
2026-07-29,NKY-CALL-39000-2026-12,Nikkei 225 Call 39000 Dec26,EQUITY,1054.0115,,,17.501,1053.8007,1054.2223,1054.0115,LAST,PRICING_LIB,2026-07-29T09:05:00Z
2026-07-30,NKY-CALL-39000-2026-12,Nikkei 225 Call 39000 Dec26,EQUITY,1094.5661,,,17.551,1094.3472,1094.785,1094.5661,LAST,PRICING_LIB,2026-07-30T09:05:00Z
2026-07-31,NKY-CALL-39000-2026-12,Nikkei 225 Call 39000 Dec26,EQUITY,1029.239,,,17.381,1029.0332,1029.4448,1029.239,LAST,PRICING_LIB,2026-07-31T09:05:00Z
2026-08-03,NKY-CALL-39000-2026-12,Nikkei 225 Call 39000 Dec26,EQUITY,972.5065,,,18.228,972.312,972.701,972.5065,LAST,PRICING_LIB,2026-08-03T09:05:00Z
2026-08-04,NKY-CALL-39000-2026-12,Nikkei 225 Call 39000 Dec26,EQUITY,922.111,,,17.935,921.9266,922.2954,922.111,LAST,PRICING_LIB,2026-08-04T09:05:00Z
2026-08-05,NKY-CALL-39000-2026-12,Nikkei 225 Call 39000 Dec26,EQUITY,850.0406,,,18.027,849.8706,850.2106,850.0406,LAST,PRICING_LIB,2026-08-05T09:05:00Z
2026-07-03,NKY-PUT-37000-2026-12,Nikkei 225 Put 37000 Dec26,EQUITY,588.0,,,17.567,587.8824,588.1176,588.0,LAST,PRICING_LIB,2026-07-03T09:05:00Z
2026-07-06,NKY-PUT-37000-2026-12,Nikkei 225 Put 37000 Dec26,EQUITY,562.0968,,,17.903,561.9844,562.2092,562.0968,LAST,PRICING_LIB,2026-07-06T09:05:00Z
2026-07-07,NKY-PUT-37000-2026-12,Nikkei 225 Put 37000 Dec26,EQUITY,555.7358,,,17.445,555.6247,555.8469,555.7358,LAST,PRICING_LIB,2026-07-07T09:05:00Z
2026-07-08,NKY-PUT-37000-2026-12,Nikkei 225 Put 37000 Dec26,EQUITY,530.8794,,,18.997,530.7732,530.9856,530.8794,LAST,PRICING_LIB,2026-07-08T09:05:00Z
2026-07-09,NKY-PUT-37000-2026-12,Nikkei 225 Put 37000 Dec26,EQUITY,550.482,,,17.74,550.3719,550.5921,550.482,LAST,PRICING_LIB,2026-07-09T09:05:00Z
2026-07-10,NKY-PUT-37000-2026-12,Nikkei 225 Put 37000 Dec26,EQUITY,586.4364,,,17.977,586.3191,586.5537,586.4364,LAST,PRICING_LIB,2026-07-10T09:05:00Z
2026-07-13,NKY-PUT-37000-2026-12,Nikkei 225 Put 37000 Dec26,EQUITY,549.2445,,,18.271,549.1347,549.3543,549.2445,LAST,PRICING_LIB,2026-07-13T09:05:00Z
2026-07-14,NKY-PUT-37000-2026-12,Nikkei 225 Put 37000 Dec26,EQUITY,553.2134,,,17.599,553.1028,553.324,553.2134,LAST,PRICING_LIB,2026-07-14T09:05:00Z
2026-07-15,NKY-PUT-37000-2026-12,Nikkei 225 Put 37000 Dec26,EQUITY,544.2865,,,18.301,544.1776,544.3954,544.2865,LAST,PRICING_LIB,2026-07-15T09:05:00Z
2026-07-16,NKY-PUT-37000-2026-12,Nikkei 225 Put 37000 Dec26,EQUITY,567.6386,,,17.346,567.5251,567.7521,567.6386,LAST,PRICING_LIB,2026-07-16T09:05:00Z
2026-07-17,NKY-PUT-37000-2026-12,Nikkei 225 Put 37000 Dec26,EQUITY,596.7269,,,18.295,596.6076,596.8462,596.7269,LAST,PRICING_LIB,2026-07-17T09:05:00Z
2026-07-20,NKY-PUT-37000-2026-12,Nikkei 225 Put 37000 Dec26,EQUITY,584.7918,,,18.452,584.6748,584.9088,584.7918,LAST,PRICING_LIB,2026-07-20T09:05:00Z
2026-07-21,NKY-PUT-37000-2026-12,Nikkei 225 Put 37000 Dec26,EQUITY,568.9875,,,17.924,568.8737,569.1013,568.9875,LAST,PRICING_LIB,2026-07-21T09:05:00Z
2026-07-22,NKY-PUT-37000-2026-12,Nikkei 225 Put 37000 Dec26,EQUITY,585.6058,,,18.193,585.4887,585.7229,585.6058,LAST,PRICING_LIB,2026-07-22T09:05:00Z
2026-07-23,NKY-PUT-37000-2026-12,Nikkei 225 Put 37000 Dec26,EQUITY,610.0427,,,18.567,609.9207,610.1647,610.0427,LAST,PRICING_LIB,2026-07-23T09:05:00Z
2026-07-24,NKY-PUT-37000-2026-12,Nikkei 225 Put 37000 Dec26,EQUITY,614.0646,,,17.909,613.9418,614.1874,614.0646,LAST,PRICING_LIB,2026-07-24T09:05:00Z
2026-07-27,NKY-PUT-37000-2026-12,Nikkei 225 Put 37000 Dec26,EQUITY,621.6917,,,17.699,621.5674,621.816,621.6917,LAST,PRICING_LIB,2026-07-27T09:05:00Z
2026-07-28,NKY-PUT-37000-2026-12,Nikkei 225 Put 37000 Dec26,EQUITY,670.1343,,,18.104,670.0003,670.2683,670.1343,LAST,PRICING_LIB,2026-07-28T09:05:00Z
2026-07-29,NKY-PUT-37000-2026-12,Nikkei 225 Put 37000 Dec26,EQUITY,607.6309,,,18.435,607.5094,607.7524,607.6309,LAST,PRICING_LIB,2026-07-29T09:05:00Z
2026-07-30,NKY-PUT-37000-2026-12,Nikkei 225 Put 37000 Dec26,EQUITY,633.1183,,,18.874,632.9917,633.2449,633.1183,LAST,PRICING_LIB,2026-07-30T09:05:00Z
2026-07-31,NKY-PUT-37000-2026-12,Nikkei 225 Put 37000 Dec26,EQUITY,663.162,,,17.781,663.0294,663.2946,663.162,LAST,PRICING_LIB,2026-07-31T09:05:00Z
2026-08-03,NKY-PUT-37000-2026-12,Nikkei 225 Put 37000 Dec26,EQUITY,673.744,,,18.43,673.6093,673.8787,673.744,LAST,PRICING_LIB,2026-08-03T09:05:00Z
2026-08-04,NKY-PUT-37000-2026-12,Nikkei 225 Put 37000 Dec26,EQUITY,623.4318,,,18.072,623.3071,623.5565,623.4318,LAST,PRICING_LIB,2026-08-04T09:05:00Z
2026-08-05,NKY-PUT-37000-2026-12,Nikkei 225 Put 37000 Dec26,EQUITY,636.8197,,,18.047,636.6923,636.9471,636.8197,LAST,PRICING_LIB,2026-08-05T09:05:00Z
